商品名,URL
【ＥＮ】ジョリパットαアルファ    ＪＰ−１００,
【ＥＮ】ジョリパットフレッシュ　ＪＱ−８００,
【ＥＮ】水性埋めまるくん,http://i-resin.com/wp-content/uploads/2017/01/suiseiumemaru.pdf
【ＥＮ】埋めまるくん　溶剤,http://i-resin.com/wp-content/uploads/2017/01/umemaru.pdf
【ＥＮ】水性速乾プライマー,https://www.atomix.co.jp/product_items/floortopaqua_quickdrying/
【ＥＮ】ハードラインＣ−５００,https://www.atomix.co.jp/wp/wp-content/uploads/2020/01/products_building_c_500.pdf
【ＥＮ】フロアトップアクアプライマー　ハエレオ,https://www.atomix.co.jp/wp/wp-content/uploads/2020/05/fta_pr_haereo.pdf
【ＥＮ】アトミクス　スーパーウマール,https://www.atomix.co.jp/wp/wp-content/uploads/2020/01/products_floor_superumarl.pdf
【ＥＮ】ＩＰ　水性ＵＶクリヤーＳｉ　艶有／３分艶,
【ＥＮ】ＩＰ　水性ノンタッククリヤーＳｉ　艶有,
【ＥＮ】ＩＰ　水性金属用クリヤーＳｉ,
【ＥＮ】３Ｍ　ＥＸＰＰマスキングテープ,
【ＥＮ】３Ｍ　＃２４３Ｊ　ＰＬＵＳマスキングテープ,
【ＥＮ】ＮＥＷブルドック　ストレーナー（１００枚入）,
【ＥＮ】Ｐポット　セット,
【ＥＮ】アジャスト　不織布カーカバー　緑,
【ＥＮ】アルミ吹付　ガン　万能　ＳＧ−５０,
【ＥＮ】エアコン室外機　スタンド,
【ＥＮ】ガイド付Ｖカッター,
【ＥＮ】カモイ　ＬＵＰＩＮ　クーペ　Ｌ　　太芯,https://www.kamoi-net.co.jp/product/files/catalog/construction.pdf
【ＥＮ】カモイ　ＬＵＰＩＮ　クーペ　マスキングテープ,https://www.kamoi-net.co.jp/product/files/catalog/construction.pdf
【ＥＮ】カモイ　ＬＵＰＩＮ　　　　　マスキングテープ,https://www.kamoi-net.co.jp/product/files/catalog/construction.pdf
【ＥＮ】カモイ　ＮＯ．３３０３ＨＧ　シーリングテープ,https://www.kamoi-net.co.jp/product/files/catalog/sealing.pdf
【ＥＮ】カモイ　ＮＯ．ＳＢ２４６Ｓ　テープ,https://www.kamoi-net.co.jp/product/files/catalog/sealing.pdf
【ＥＮ】カモイ　マスキングテープ　武蔵,https://www.kamoi-net.co.jp/product/files/catalog/vehicles.pdf
【ＥＮ】カモイ　建築用マスキングテープ　正宗,https://www.kamoi-net.co.jp/product/files/catalog/construction.pdf
【ＥＮ】さげっと　　本体,https://www.maru-t.co.jp/up_file/catalog/1709/catalog_28170557.pdf
【ＥＮ】さげっと用　内容器凹凸（２０枚入）,https://www.maru-t.co.jp/up_file/catalog/1709/catalog_28170557.pdf
【ＥＮ】シャイネックス　あしつけ棒　　　　　Ｆ,http://shinex.co.jp/wp/archives/1225/
【ＥＮ】シャイネックス　あしつけ棒　　　　　Ｖ９０,http://shinex.co.jp/wp/archives/1225/
【ＥＮ】シャイネックス　あしつけ棒用パット　Ｆ,http://shinex.co.jp/wp/archives/1225/
【ＥＮ】シャイネックス　あしつけ棒用パット　Ｖ９０,http://shinex.co.jp/wp/archives/1225/
【ＥＮ】不織布養生シート　１．８ｍＸ２．７ｍ,
【ＥＮ】補修用カップセット　４００ｃｃ,
【ＥＮ】セメンシャス　＃２０００セット,http://www.dia-dyflex.jp/product/detail/pdf/sem_2000_2500.pdf
【ＥＮ】ファンデーションコート　３Ｄ,https://www.chichicon.co.jp/wp/wp-content/uploads/2016/08/3D-20170406.pdf
【ＥＮ】ファンデーションコート　トップ,https://www.chichicon.co.jp/wp/wp-content/uploads/2013/06/fc.pdf
【ＥＮ】ファンデーションコート　ベース,https://www.chichicon.co.jp/wp/wp-content/uploads/2013/06/fc.pdf
【ＥＮ】ファンデーションコート　石目調,https://www.chichicon.co.jp/wp/wp-content/uploads/2013/06/f_ishime.pdf
【ＥＮ】ワンウェイコート,https://www.chichicon.co.jp/wp/wp-content/uploads/2016/01/88316ea4c89397d7d63f59d42645db241.pdf
【ＥＮ】基礎補修モルタル,https://www.chichicon.co.jp/wp/wp-content/uploads/2018/10/45721a4e053fce56fe48b974deb495ae-1.pdf
【ＥＮ】塗装クイックＮＢ　ホワイトグレー,file:///C:/Users/USER102/Downloads/201806041536187543%20(2).pdf
【ＥＮ】変成クイック　ＮＢ,file:///C:/Users/USER102/Downloads/201806041536187543%20(3).pdf
【ＥＮ】変成シリコーン　ＭＳシーラントＮＢ,file:///C:/Users/USER102/Downloads/201806041536187543%20(4).pdf
【ＥＮ】ガラパゴス,http://www.kansaipate.co.jp/pdf/sp_galapagos.pdf
【ＥＮ】ボンドコーク　ホワイト,
【ＥＮ】ボンドコーク　ホワイト　ＮＢ,
【ＥＮ】サンカットＦマイルド,https://www.shintopaint.co.jp/product/introduction/pdf/files/construction/ctlg_suncut_mild_system.pdf
【ＥＮ】サンカットＰマイルド,https://www.shintopaint.co.jp/product/introduction/pdf/files/construction/ctlg_suncut_mild_system.pdf
【ＥＮ】ソーラー　１０００　ハイフレックスポリパテ,https://www.kobe-solar.co.jp/products/products-855/
【ＥＮ】必殺錆封じ,https://somayq.com/wp-content/uploads/2019/04/a31885a21fc9cf090a265bedd424d58f.pdf
【ＥＮ】ミッチャクロンマルチ　ＴＸＦ,https://somayq.com/wp-content/uploads/2019/10/29525cc6e6618976fe683cb89f93c671.pdf
【ＥＮ】ビルデック低臭,https://www.dnt.co.jp/products/building/list/upload_files/prd_hh032.pdf
【ＥＮ】水性ビルデック　艶消,https://www.catalabo.org/iportal/CatalogViewInterfaceStartUpAction.do?method=startUp&mode=PAGE&catalogCategoryId=&catalogId=50259970000&pageGroupId=1&volumeID=CATALABO&keyword=&categoryID=219900000&sortKey=CatalogMain610000&sortOrder=DESC&designID=&designConfirmFlg=
【ＥＮ】竹林　タケトップ　グレイ,https://www.takebayashi-ci.com/catalogue/taketoppu.pdf
【ＥＮ】ニューウレタンネクスト　　シルバー,https://www.tohpe.co.jp/wp-content/uploads/2020/04/2214e840d16992ae83d978ff85357682.pdf
【ＥＮ】ガイナ　　白（Ｎ９５）,https://www.gaina.co.jp/wordpress_1905/wp-content/uploads/catalog_gaina_japanese.pdf
【ＥＮ】水性ＦＲＰトップ骨抜　グレイ,http://www.kanaekagaku.co.jp/images/c_frptop.pdf
【ＥＮ】セーリングゴールド純金箔色（内装用）,https://www.horikin.co.jp/uploads/pdf/sailing_catalog_201805_lightweight.pdf
【ＥＮ】セーリングゴールド水性アクリル純金箔,https://www.horikin.co.jp/uploads/pdf/sailing_catalog_201805_lightweight.pdf
【ＥＮ】セーリングゴールド専用ウスメ液,https://www.horikin.co.jp/uploads/pdf/sailing_catalog_201805_lightweight.pdf
【ＥＮ】セーリングゴールド本金箔色アクアオーラン,https://www.horikin.co.jp/uploads/pdf/sailing_catalog_201805_lightweight.pdf
【ＥＮ】ＰＳマイルドＳコート,http://www.polyma.co.jp/products/roof/ps_mild_s/2019ps_mild_s.pdf
【ＥＮ】スラリー強化プライマー,http://www.polyma.co.jp/products/roof/suraly_buildup/2019suraly_buildup.pdf
【ＥＮ】スラリー洋瓦用シーラー,http://www.polyma.co.jp/products/roof/suraly_sealer/2012suraly_sheel.pdf
【ＥＮ】ナノコンポジット　フィラー　Ｎ,http://www.toso-nano.com/w/201912nano-w.pdf
【ＥＮ】ナノコンポジットＦ　上塗,http://www.toso-nano.com/f/2019nano-f.pdf
【ＥＮ】ナノコンポジットＦ　中塗,http://www.toso-nano.com/f/2019nano-f.pdf
【ＥＮ】ナノコンポジットＷ　　　　ＮＣ色,http://www.toso-nano.com/w/201912nano-w.pdf
【ＥＮ】ナノコンポジットシーラー�V,http://www.toso-nano.com/w/201912nano-w.pdf
【ＥＮ】ボウジンテックス　歩行用　防滑骨材,http://www.polyma.co.jp/products/floor/bt_walking/bt_walking.pdf
【ＥＮ】リフレッシュサフェーサーエポ,http://www.polyma.co.jp/products/wall/refresh_surfacers_epo/2020refresh_surfacers_epo.pdf
【ＥＮ】リフレッシュフィラー,http://www.polyma.co.jp/products/wall/refresh_filler/2008refresh_filler.pdf
【ＥＮ】水系Ｅプライマー,http://www.polyma.co.jp/products/roof/e-primer/e-primer.pdf
【ＥＮ】快適サーモＦ,http://www.polyma.co.jp/products/roof/thermo/2017thermo.pdf
【ＥＮ】快適サーモＷ　中塗り,http://www.polyma.co.jp/products/roof/thermo/2017thermo.pdf
【ＥＮ】快適サーモＷＳｉ,http://www.polyma.co.jp/products/roof/thermo/2017thermo.pdf
【ＥＮ】パワーアシスト　クリヤー,http://www.polyma.co.jp/products/wall/power_ac/2017powerac.pdf
【ＥＮ】ルーフピアニ,http://www.polyma.co.jp/products/roof/roof_peony/201908roof_peony.pdf
【ＥＮ】快適サーモＳｉ,http://www.polyma.co.jp/products/roof/thermo/2017thermo.pdf
【ＥＮ】快適サーモＷＦ,http://www.polyma.co.jp/products/roof/thermo/2017thermo.pdf
【ＥＮ】快適サーモＷＳｉ,http://www.polyma.co.jp/products/roof/thermo/2017thermo.pdf
【ＥＮ】快適サーモＷＳｉ−ＲＮ,http://www.polyma.co.jp/products/roof/roof_slate_rn/2019roof_slate_rn.pdf
【ＥＮ】快適サーモプライマー,http://www.polyma.co.jp/products/roof/thermo/2017thermo.pdf
【ＥＮ】快適サーモマイルドシーラー,http://www.polyma.co.jp/products/roof/thermo/2017thermo.pdf
【ＥＮ】快適サーモ水系シーラー,http://www.polyma.co.jp/products/roof/thermo/2017thermo.pdf
【ＥＮ】水系ナノシリコン−ＲＮ,http://www.polyma.co.jp/products/roof/roof_slate_rn/2019roof_slate_rn.pdf
【ＥＮ】ミヤキ　アリストン,http://miyaki-inc.com/jp/pdf/catalog_sh001.pdf
【ＥＮ】ミヤキ　インパラス,http://miyaki-inc.com/jp/pdf/catalog_ss005.pdf
【ＥＮ】ミヤキ　オリーブ,http://miyaki-inc.com/jp/pdf/catalog_ss009.pdf
【ＥＮ】ミヤキ　カビスケ,http://miyaki-inc.com/jp/pdf/catalog_ss028.pdf
【ＥＮ】ミヤキ　ガリバー,http://miyaki-inc.com/jp/pdf/catalog_sh006.pdf
【ＥＮ】ミヤキ　ガリレオ,http://miyaki-inc.com/jp/pdf/catalog_sh005.pdf
【ＥＮ】ミヤキ　クレストン,http://miyaki-inc.com/jp/pdf/catalog_sh004.pdf
【ＥＮ】ミヤキ　コロンバン　中性タイプ,http://miyaki-inc.com/jp/pdf/catalog_ss014.pdf
【ＥＮ】ミヤキ　ステントル,http://miyaki-inc.com/jp/pdf/catalog_ms007.pdf
【ＥＮ】ミヤキ　ソフター,http://miyaki-inc.com/jp/pdf/catalog_ss007.pdf
【ＥＮ】ミヤキ　タイルキング,http://miyaki-inc.com/jp/pdf/catalog_sh009.pdf
【ＥＮ】ミヤキ　ダビンチ,http://miyaki-inc.com/jp/pdf/catalog_ss011.pdf
【ＥＮ】ミヤキ　ニュートン,http://miyaki-inc.com/jp/pdf/catalog_sh002.pdf
【ＥＮ】ミヤキ　ビートル,http://miyaki-inc.com/jp/pdf/catalog_ss006.pdf
【ＥＮ】ミヤキ　ピカソ,http://miyaki-inc.com/jp/pdf/catalog_ss001.pdf
【ＥＮ】ミヤキ　ピタゴラス,http://miyaki-inc.com/jp/pdf/catalog_ss002.pdf
【ＥＮ】ミヤキ　メタルキング,http://miyaki-inc.com/jp/pdf/catalog_sh008.pdf
【ＥＮ】ミヤキ　白木美人,http://www.miyaki-inc.com/jp/pdf/catalog_mh004.pdf
【ＥＮ】ミヤキ　木肌一番,http://miyaki-inc.com/jp/pdf/catalog_mh002.pdf
【ＥＮ】ミヤキ　木肌一番　エコ,http://miyaki-inc.com/jp/pdf/catalog_mh005.pdf
【ＥＮ】ミヤキ　木肌美人,http://miyaki-inc.com/jp/pdf/catalog_mh001.pdf
【ＥＮ】ミヤキ　薬品刷毛,
【ＥＮ】ＥＣＯ　ジャストパテ,file:///C:/Users/USER102/Downloads/201801150939111665.pdf
【ＥＮ】ＥＣＯスーパーパテ,file:///C:/Users/USER102/Downloads/20171114170531617.pdf
【ＥＮ】ガード２,file:///C:/Users/USER102/Downloads/201711021630304731.pdf
【ＥＮ】スピード３０,file:///C:/Users/USER102/Downloads/201806200919194728.pdf
【ＥＮ】ブリッジテープ,file:///C:/Users/USER102/Downloads/201603081215534116.pdf
【ＥＮ】ハクリパワー　ＳＤ３００,https://www.yamaichikagaku.com/3000/pdf/3019_01.pdf
【ＥＮ】シリコンカバーＮＢ,https://www.sharpchem.co.jp/products/img/102_3_085651.pdf
【ＥＮ】ストーンコーナー補強テープ糊付,
【ＥＮ】すべらんマスカー１１００×１２．５,
【ＥＮ】パイオランテープ　Ｙ−０９−ＧＲ　緑,https://www.diatex.co.jp/files/lib/3/62/201908271716131293.pdf
【ＥＮ】ローバル,https://www.roval.co.jp/upfile/docsdl/02/2/roval.pdf
【ＥＮ】ローバルアルファ,https://www.roval.co.jp/upfile/docsdl/07/7/RA.pdf
【ＥＮ】ローバルシルバー,https://www.roval.co.jp/upfile/docsdl/08/8/RS.pdf
【ＥＮ】水性ローバル,https://www.roval.co.jp/upfile/docsdl/04/4/suisei_roval.pdf
【ＥＮ】ピュアステインＰＧ,http://www.gen2.co.jp/pc_pdf/sh/sh_zp.pdf
【ＥＮ】アクアＡＰステイン　ＳＰ−１０００,http://www.gen2.co.jp/aqua_pdf/sh_pdf/sh_sp.pdf
【ＥＮ】コクソウッドパテ,http://www.gen2.co.jp/pc_pdf/c/ly.pdf
【ＥＮ】サドリンクラシック,http://www.gen2.co.jp/sadolin_pdf/w0.pdf
【ＥＮ】バンチャク,http://www.gen2.co.jp/pc_pdf/sh/sh_z1.pdf
【ＥＮ】ＬＥＤ−ＵＶパテ　セット,http://www.gen2.co.jp/pc_pdf/c/led-uv.pdf
【ＥＮ】フローン塩ビシート防水面用プライマー,https://www.hnt-net.co.jp/dcms_media/other/%E3%83%95%E3%83%AD%E3%83%BC%E3%83%B3%E5%A1%A9%E3%83%92%E3%82%99%E3%82%B7%E3%83%BC%E3%83%88%E9%98%B2%E6%B0%B4%E9%9D%A2%E7%94%A8%E3%83%95%E3%82%9A%E3%83%A9%E3%82%A4%E3%83%9E%E3%83%BC%E2%84%967%2020.07.3000.pdf
【ＥＮ】フローンプライマーＵ２,https://www.hnt-net.co.jp/dcms_media/other/%E3%83%95%E3%83%AD%E3%83%BC%E3%83%B3%E3%83%97%E3%83%A9%E3%82%A4%E3%83%9E%E3%83%BCU2%202020.05.pdf
【ＥＮ】フローン水性プライマーＦ,https://www.hnt-net.co.jp/dcms_media/other/suisei_primer_f.pdf
【ＥＮ】フローン０１　５�uセット　Ｎセット,https://www.hnt-net.co.jp/dcms_media/other/%E3%83%95%E3%83%AD%E3%83%BC%E3%83%B301%E2%84%9621%2020.06.3000.pdf
【ＥＮ】断熱コート,https://www.hnt-net.co.jp/dcms_media/other/%E6%96%AD%E7%86%B1%E3%82%B3%E3%83%BC%E3%83%88%E2%84%967%2020.07.3000.pdf
【ＥＮ】シートトップ＃１００,https://www.hnt-net.co.jp/dcms_media/other/%E3%82%B7%E3%83%BC%E3%83%88%E3%83%88%E3%83%83%E3%83%97%E2%84%9610%2020.7.3000.pdf
【ＥＮ】シートトップ＃２００,https://www.hnt-net.co.jp/dcms_media/other/%E3%82%B7%E3%83%BC%E3%83%88%E3%83%88%E3%83%83%E3%83%97%E2%84%9610%2020.7.3000.pdf
【ＥＮ】カチオン浸透エポプライマー,https://www.hnt-net.co.jp/dcms_media/other/%E3%82%AB%E3%83%81%E3%82%AA%E3%83%B3%E6%B5%B8%E9%80%8F%E3%82%A8%E3%83%9D%E3%83%97%E3%83%A9%E3%82%A4%E3%83%9E%E3%83%BC%E2%84%9614%2020.02.5000.pdf
【ＥＮ】水性フロアー,https://www.hnt-net.co.jp/dcms_media/other/%E6%B0%B4%E6%80%A7%E3%83%95%E3%83%AD%E3%82%A2%E3%83%BC%20%E2%84%9616%2020.04.3000.pdf
【ＥＮ】漂白セラックニス,https://www.hnt-net.co.jp/dcms_media/other/pro4_7.pdf
【ＥＮ】フローン１１ローラー用,https://www.hnt-net.co.jp/dcms_media/other/pro1_2.pdf
【ＥＮ】フローン１１,https://www.hnt-net.co.jp/dcms_media/other/%E3%83%95%E3%83%AD%E3%83%BC%E3%83%B311%20no19%2019%2C07%2C1000.pdf
【ＥＮ】フローン１１　立上用,https://www.hnt-net.co.jp/dcms_media/other/%E3%83%95%E3%83%AD%E3%83%BC%E3%83%B311%20no19%2019%2C07%2C1000.pdf
【ＥＮ】フローン１２,https://www.hnt-net.co.jp/dcms_media/other/%E3%83%95%E3%83%AD%E3%83%BC%E3%83%B312%20%E2%84%9619%2019%2C07%2C2000.pdf
【ＥＮ】フローン１２　立上用,https://www.hnt-net.co.jp/dcms_media/other/%E3%83%95%E3%83%AD%E3%83%BC%E3%83%B312%20%E2%84%9619%2019%2C07%2C2000.pdf
【ＥＮ】フローン　２２,https://www.hnt-net.co.jp/dcms_media/other/%E3%83%95%E3%83%AD%E3%83%BC%E3%83%B322%E2%84%9610%2C20%2C10%2C3000.pdf
【ＥＮ】ソルエポ　９０　　　　白・原色,https://www.hnt-net.co.jp/dcms_media/other/%E3%82%BD%E3%83%AB%E3%82%A8%E3%83%9D90%20%E2%84%9618%2020.04.3000.pdf
【ＥＮ】ソルエポ　９０　　　標準色,https://www.hnt-net.co.jp/dcms_media/other/%E3%82%BD%E3%83%AB%E3%82%A8%E3%83%9D90%20%E2%84%9618%2020.04.3000.pdf
【ＥＮ】フローンクイックＦ,https://www.hnt-net.co.jp/dcms_media/other/%E3%83%95%E3%83%AD%E3%83%BC%E3%83%B3%E3%82%AF%E3%82%A4%E3%83%83%E3%82%AFF%E2%84%9617%2020.07.3000.pdf
【ＥＮ】パワフルフロアー�U,https://www.hnt-net.co.jp/dcms_media/other/%E3%83%8F%E3%82%9A%E3%83%AF%E3%83%95%E3%83%AB%E3%83%95%E3%83%AD%E3%82%A2%E3%83%BC%E2%85%A1%E2%84%9615%2C20%2C10%2C3000.pdf
【ＥＮ】エクセルプライマ−�U,https://www.hnt-net.co.jp/dcms_media/other/%E3%82%A8%E3%82%AF%E3%82%BB%E3%83%AB%E3%83%97%E3%83%A9%E3%82%A4%E3%83%9E%E3%83%BC%E2%85%A1%E2%84%965%2020.07.3000.pdf
【ＥＮ】フローン　プライマー　Ｈ,https://www.hnt-net.co.jp/dcms_media/other/pro3_11.pdf
【ＥＮ】塗替え　プライマーエコ,https://www.hnt-net.co.jp/dcms_media/other/%E5%A1%97%E6%9B%BF%E3%81%88%E3%83%97%E3%83%A9%E3%82%A4%E3%83%9E%E3%83%BC%E3%82%A8%E3%82%B3%E2%84%968%2020.08.3000.pdf
【ＥＮ】遮熱サビ止めプライマー,https://www.hnt-net.co.jp/dcms_media/other/%E9%81%AE%E7%86%B1%E3%82%B5%E3%83%93%E6%AD%A2%E3%82%81%E3%83%97%E3%83%A9%E3%82%A4%E3%83%9E%E3%83%BC%E2%84%9628%2020.09.3000.pdf
【ＥＮ】フローンフィラー　（ローラー用）,https://www.hnt-net.co.jp/dcms_media/other/%E3%83%95%E3%83%AD%E3%83%BC%E3%83%B3%E3%83%95%E3%82%A3%E3%83%A9%E3%83%BC%20%E3%83%AD%E3%83%BC%E3%83%A9%E3%83%BC%E7%94%A8%20%E3%82%B3%E3%83%86%E7%94%A8%20%E2%84%9616%2020.02.3000.pdf
【ＥＮ】フローン　油面用プライマー,https://www.hnt-net.co.jp/dcms_media/other/%E3%83%95%E3%83%AD%E3%83%BC%E3%83%B3%E6%B2%B9%E9%9D%A2%E7%94%A8%E3%83%97%E3%83%A9%E3%82%A4%E3%83%9E%E3%83%BC%E3%83%BB%E3%83%95%E3%83%AD%E3%83%BC%E3%83%B3%E3%82%AA%E3%82%A4%E3%83%AB%E3%82%AF%E3%83%AA%E3%83%BC%E3%83%8A%E3%83%BC%E2%84%9613%2020.07.3000.pdf
【ＥＮ】フローン速乾プライマー,https://www.hnt-net.co.jp/dcms_media/other/%E3%83%95%E3%83%AD%E3%83%BC%E3%83%B3%E9%80%9F%E4%B9%BE%E3%83%97%E3%83%A9%E3%82%A4%E3%83%9E%E3%83%BC%E3%80%802020.08.pdf
【ＥＮ】フローンエコプラ速乾,https://www.hnt-net.co.jp/dcms_media/other/%E3%83%95%E3%83%AD%E3%83%BC%E3%83%B3%E3%82%A8%E3%82%B3%E3%83%97%E3%83%A9%E9%80%9F%E4%B9%BE%E2%84%9624%2020.10.5.pdf
【ＥＮ】フローンヌルサット,https://www.hnt-net.co.jp/dcms_media/other/%E3%83%95%E3%83%AD%E3%83%BC%E3%83%B3%E3%83%8C%E3%83%AB%E3%82%B5%E3%83%83%E3%83%88%E2%84%964%20%2720.09.1500.pdf
【ＥＮ】弾性トップ１４,https://www.hnt-net.co.jp/dcms_media/other/%E5%BC%BE%E6%80%A7%E3%83%88%E3%83%83%E3%83%95%E3%82%9A14%E2%84%9615.20.10.3000.pdf
【ＥＮ】スーパートップ遮熱,https://www.hnt-net.co.jp/dcms_media/other/%E3%82%B9%E3%83%BC%E3%83%8F%E3%82%9A%E3%83%BC%E3%83%88%E3%83%83%E3%83%95%E3%82%9A%E9%81%AE%E7%86%B1%E2%84%9623.20.11.3000.pdf
【ＥＮ】ＡＵコート,https://www.hnt-net.co.jp/dcms_media/other/AU%E3%82%B3%E3%83%BC%E3%83%88%E2%84%9618.20.10.3000.pdf
【ＥＮ】フローンプライマー　ＵＳ,https://www.hnt-net.co.jp/dcms_media/other/%E3%83%95%E3%83%AD%E3%83%BC%E3%83%B3%E3%83%97%E3%83%A9%E3%82%A4%E3%83%9E%E3%83%BCUS%202020.05.pdf
【ＥＮ】ソルエポ　シンナー,
【ＥＮ】弾性トップ１４　シンナー,
【ＥＮ】フローンエポパテ,https://www.hnt-net.co.jp/dcms_media/other/pro3_19.pdf
【ＥＮ】フローンプラチップ,https://www.hnt-net.co.jp/dcms_media/other/%E9%AA%A8%E6%9D%90%E3%82%B7%E3%83%AA%E3%83%BC%E3%82%BA2.3.13.pdf
【ＥＮ】遮熱シートトップ＃１００,https://www.hnt-net.co.jp/dcms_media/other/%E3%82%B7%E3%83%BC%E3%83%88%E3%83%88%E3%83%83%E3%83%97%E2%84%9610%2020.7.3000.pdf
【ＥＮ】遮熱シートトップ＃２００,https://www.hnt-net.co.jp/dcms_media/other/%E3%82%B7%E3%83%BC%E3%83%88%E3%83%88%E3%83%83%E3%83%97%E2%84%9610%2020.7.3000.pdf
【ＥＮ】ハイフローン,https://www.hnt-net.co.jp/dcms_media/other/%E3%82%B7%E3%83%BC%E3%83%88%E3%83%88%E3%83%83%E3%83%97%E2%84%9610%2020.7.3000.pdf
【ＥＮ】フローンアクアファースト（艶消）,https://www.hnt-net.co.jp/dcms_media/other/%E3%83%95%E3%83%AD%E3%83%BC%E3%83%B3%E3%82%A2%E3%82%AF%E3%82%A2%E3%83%95%E3%82%A1%E3%83%BC%E3%82%B9%E3%83%88%20%E2%84%9610%2020.09.3000.pdf
【ＥＮ】ハイフローンシンナー,https://www.hnt-net.co.jp/dcms_media/other/20180622%E3%83%8F%E3%82%A4%E3%83%95%E3%83%AD%E3%83%BC%E3%83%B3.pdf
【ＥＮ】ハイフローン　プライマー,https://www.hnt-net.co.jp/dcms_media/other/20180622%E3%83%8F%E3%82%A4%E3%83%95%E3%83%AD%E3%83%BC%E3%83%B3.pdf
【ＥＮ】フローンパウダー,https://www.hnt-net.co.jp/dcms_media/other/%E3%83%95%E3%83%AD%E3%83%BC%E3%83%B3%E3%83%91%E3%82%A6%E3%83%80%E3%83%BC%E3%80%802020.9.pdf
【ＥＮ】キシラデコール　　インテリアファイン　トップコート,https://www.xyladecor.jp/products/pdf/catalog/sougou.pdf
【ＥＮ】キシラデコール　　インテリアファイン,https://www.xyladecor.jp/products/pdf/catalog/sougou.pdf
【ＥＮ】キシラデコール　　フォレステージ,https://www.xyladecor.jp/products/pdf/catalog/sougou.pdf
【ＥＮ】キシラデコール　　コンゾラン,https://www.xyladecor.jp/products/pdf/catalog/sougou.pdf
【ＥＮ】ユニオンペイント　　ウレタンシンナー,
【ＥＮ】ユニオンペイント　　コンビシンナー,
【ＥＮ】ユニオンペイント　　オルパシンナー　標準,
【ＥＮ】ユニオンペイント　　ＡＦ　アルマステイン,https://www.unionpaint.co.jp/_files/youzai_shitsunai/manual/15laine.pdf
【ＥＮ】ユニオンペイント　　ＡＦオルパステイン,https://www.unionpaint.co.jp/_files/youzai_shitsunai/manual/64olpastaine.pdf
【ＥＮ】ユニオンペイント　　ＡＦウレタンシンナー,
【ＥＮ】ユニオンペイント　　ＥＧバリュー　ウレタン,https://www.unionpaint.co.jp/_files/youzai_shitsunai/manual/89-71.75.80.pdf
【ＥＮ】ユニオンペイント　　ＥＧバリュー　ウレタンサンジング,https://www.unionpaint.co.jp/_files/youzai_shitsunai/manual/89-81.pdf
【ＥＮ】ユニオンペイント　　ＥＧラッカー,https://www.unionpaint.co.jp/_files/youzai_shitsunai/manual/91-01.pdf
【ＥＮ】ユニオンペイント　　ＥＧラッカーサンジング,https://www.unionpaint.co.jp/_files/youzai_shitsunai/manual/91-11.pdf
【ＥＮ】ユニオンペイント　　ＥＧラッカー　うすめ液,
【ＥＮ】ユニオンペイント　　ＥＧウレタン　うすめ液,
【ＥＮ】ユニオンペイント　　ウレタン硬化剤,
【ＥＮ】エコ外部用ウレタンクリヤー,
【ＥＮ】エコフロア,https://www.washin-chemical.co.jp/wp/wp-content/uploads/2018/12/ecofl-catalog.pdf
【ＥＮ】エコステイン,https://www.washin-chemical.co.jp/wp/wp-content/uploads/2018/12/es_catalog.pdf
【ＥＮ】シークステイン,
【ＥＮ】シークステイン　ＰＧ,
【ＥＮ】ガードラック　ラテックス,https://www.washin-chemical.co.jp/wp/wp-content/uploads/2015/10/GuardlacLatex-catalog.pdf
【ＥＮ】ガードラック　アクア,https://www.washin-chemical.co.jp/wp/wp-content/uploads/2015/10/GuardlacAqua-catalog.pdf
【ＥＮ】ガードラック　ＰＲＯ　プロ,https://www.washin-chemical.co.jp/wp/wp-content/uploads/2019/07/glgp_catalog.pdf
【ＥＮ】ＮＯＮ−ＴＸウレタン　クリヤー,https://www.washin-chemical.co.jp/wp/wp-content/uploads/2018/12/ntxure_catalog.pdf
【ＥＮ】ＮＯＮ−ＴＸウレタン　サンディング,https://www.washin-chemical.co.jp/wp/wp-content/uploads/2018/12/ntxure_catalog.pdf
【ＥＮ】ＮＯＮ−ＴＸウレタン　ウスメ液,
【ＥＮ】アクレックス　ポアーステイン,https://www.washin-chemical.co.jp/wp/wp-content/uploads/2020/06/aqurex101_catalog.pdf
【ＥＮ】アクレックス　フロア　クリヤー,https://www.washin-chemical.co.jp/wp/wp-content/uploads/2020/06/aqurex311_catalog.pdf
【ＥＮ】アクレックス　水性オイルステイン,https://www.washin-chemical.co.jp/wp/wp-content/uploads/2020/06/aqurex001_catalog.pdf
【ＥＮ】アクレックス　Ｎｏ３２００　外部用クリヤー,https://www.washin-chemical.co.jp/wp/wp-content/uploads/2015/10/aq3200_catalog.pdf
【ＥＮ】アクレックス　ウッドシーラー,https://www.washin-chemical.co.jp/wp/wp-content/uploads/2020/06/aqurex201_catalog.pdf
【ＥＮ】ワトコオイル,https://www.hoxan.co.jp/watco/products/oil/
【ＥＮ】ワトコワックス,https://www.hoxan.co.jp/watco/products/wax/
【ＥＮ】ワトコティンバーレックス,https://www.hoxan.co.jp/watco/products/timberrex/
【ＥＮ】ワトコティンバーガード,https://www.hoxan.co.jp/watco/products/timberguard/
【ＥＮ】ＶＡＴＯＮ　バトンＦＸ,
【ＥＮ】ＶＡＴＯＮ　バトン　シーラー,
【ＥＮ】ＶＡＴＯＮ　バトン　トップクリヤー,
【ＥＮ】水性ユータックＳｉ,http://www2.nttoryo.co.jp/dcms_media/other/suisei_yu_takku_si.pdf
【ＥＮ】ユータックＲ　マイルド,http://www2.nttoryo.co.jp/dcms_media/other/yu_takku_r_mairudo.pdf
【ＥＮ】ユータックＥシンナー,http://www2.nttoryo.co.jp/dcms_media/other/yu_takku_fukushizai.pdf
【ＥＮ】ＮＴ水性速乾プライマー,http://www2.nttoryo.co.jp/dcms_media/other/nt_water_sokkan.pdf
【ＥＮ】２石エコクリ−ナ−,https://www.kansai.co.jp/products/catalog/pdf/073.pdf
【ＥＮ】ＳＵ　シリコンオフ,
【ＥＮ】ＫＡＲシリコンオフ　スーパー,
【ＥＮ】ＫＡＲ　シリコンオフ,
【ＥＮ】レタンＰＧシンナー,
【ＥＮ】レタンＰＧボカシ用シンナー,
【ＥＮ】ＪＵＳＴウレタンプラサフ　ベース,
【ＥＮ】ＪＵＳＴウレタンプラサフ　硬化剤,
【ＥＮ】ＪＵＳＴ　Ｈ−ＳフィラーＡ　ベース,https://www.kansai.co.jp/products/catalog/pdf/041.pdf
【ＥＮ】ＪＵＳＴ　Ｈ−ＳフィラーＡ　硬化剤,https://www.kansai.co.jp/products/catalog/pdf/041.pdf
【ＥＮ】ＫＡＲエアゾール　サッシュブラック,
【ＥＮ】アクリック　　１Ｌ,
【ＥＮ】アクリック　　４Ｌ,
【ＥＮ】アクリック　　１６Ｌ,
【ＥＮ】ＫＡＲカラーマッチング　クリヤー,
【ＥＮ】レタンＰＧ　ボカシレベリング剤,https://www.kansai.co.jp/products/catalog/pdf/083.pdf
【ＥＮ】レタンＰＧ８０　０．９ｋｇ,https://www.kansai.co.jp/products/catalog/pdf/044.pdf
【ＥＮ】レタンＰＧ８０　３．６ｋｇ,https://www.kansai.co.jp/products/catalog/pdf/044.pdf
【ＥＮ】レタンＰＧ８０　１６ｋｇ,https://www.kansai.co.jp/products/catalog/pdf/044.pdf
【ＥＮ】レタンＰＧ８０　硬化剤,https://www.kansai.co.jp/products/catalog/pdf/044.pdf
【ＥＮ】レタンＰＧ８０　クオーツクリヤーＺベース,
【ＥＮ】レタンＰＧ２Ｋ　ワンパッククリヤー　スプレー,https://www.kansai.co.jp/products/catalog/pdf/163.pdf
【ＥＮ】プラスチック用マルチ硬化剤,https://www.kansai.co.jp/products/catalog/pdf/088.pdf
【ＥＮ】ＡＧエコ　コンビネ−ションフィラ−,
【ＥＮ】ＳＵウレタンプラサフ２エコ　ベース,https://www.kansai.co.jp/products/catalog/pdf/171.pdf
【ＥＮ】ＳＵウレタンプラサフ２エコ　硬化剤,https://www.kansai.co.jp/products/catalog/pdf/171.pdf
【ＥＮ】メグロ　ニュー密着バインダーＫ,
【ＥＮ】ＳＵパテ　ベース,https://www.kansai.co.jp/products/automotive/minihandbook/pdf/62.pdf
【ＥＮ】ＳＵ鈑金パテ　ベース,https://www.kansai.co.jp/products/automotive/minihandbook/pdf/61.pdf
【ＥＮ】０１６−００３０　プレソルベント,https://www.rockpaint.co.jp/car/data/tds/016-0030tds.pdf
【ＥＮ】０１６−２０３１　プレソル３１除電タイプ標準型,https://www.rockpaint.co.jp/car/data/tds/016-2031_2034tds.pdf
【ＥＮ】０１６−２０３２　プレソル３２除電タイプ遅乾型,https://www.rockpaint.co.jp/car/data/tds/016-2031_2034tds.pdf
【ＥＮ】０１６−２０３４　静電除去剤,https://www.rockpaint.co.jp/car/data/tds/016-2031_2034tds.pdf
【ＥＮ】０１６−３１２３　ラッカーシンナーエコＨＧ,
【ＥＮ】０１６−３１２４　ラッカーシンナーエコＳＴ,
【ＥＮ】０１６−３１２５　ラッカーシンナーエコ洗浄用,
【ＥＮ】０１６−５１２３　ラッカーシンナー,
【ＥＮ】０１６−６１２５　ラッカーシンナー,
【ＥＮ】０１６−７１２５　洗浄用シンナー,
【ＥＮ】０２６−６２０３　ロックラッカー　ホワイト,https://www.rockpaint.co.jp/car/data/tds/rock_lacquer_tds.pdf
【ＥＮ】０２６−６２９８　工業用ブラック,https://www.rockpaint.co.jp/car/data/tds/rock_lacquer_tds.pdf
【ＥＮ】０２６−６２９９　ロックラッカー　　　シャーシーブラック,https://www.rockpaint.co.jp/car/data/tds/026-6299_tds.pdf
【ＥＮ】０２８−０１５０　ロックラッカー　　　オートクリヤー,https://www.rockpaint.co.jp/car/data/tds/rock_lacquer_tds.pdf
【ＥＮ】０２９−０１０５　ロックラッカー　　　プラサフ　ホワイト,https://www.rockpaint.co.jp/car/data/tds/rock_lacquer_suf_tds.pdf
【ＥＮ】０２９−０１０７　ロックラッカー　　　プラサフ　ライトグレー,https://www.rockpaint.co.jp/car/data/tds/rock_lacquer_suf_tds.pdf
【ＥＮ】０２９−１９４０　ロックラッカー　　　プラサフ　プラチナムグレー,https://www.rockpaint.co.jp/car/data/tds/rock_lacquer_suf_tds.pdf
【ＥＮ】０２９−０１１１　ロックラッカー　　　ラッカープライマー　ブラウン,https://www.rockpaint.co.jp/car/data/tds/029-0111_tds.pdf
【ＥＮ】０２９−０１１２　ロックラッカー　　　ハイスピードパテ　　ブラウン,https://www.rockpaint.co.jp/car/data/tds/rock_lacquer_putty_tds.pdf
【ＥＮ】０２９−０１２２　ロックラッカー　　　シールコート,https://www.rockpaint.co.jp/car/data/tds/029-0122_tds.pdf
【ＥＮ】０２９−０１２５　ロックラッカー　　　パテ　シルバー,https://www.rockpaint.co.jp/car/data/tds/rock_lacquer_putty_tds.pdf
【ＥＮ】０２９−０１２６　ロックラッカー　　　スプレーパテ　シルバーグレー,https://www.rockpaint.co.jp/car/data/tds/rock_lacquer_putty_tds.pdf
【ＥＮ】０２９−０２１３　ロックラッカー　　グレージングパテ�U,https://www.rockpaint.co.jp/car/data/tds/029-0213_tds.pdf
【ＥＮ】０３０ライン　ロックラッカー　原色,https://www.rockpaint.co.jp/car/data/tds/rock_lacquer_tds.pdf
【ＥＮ】０３５ライン　　ロックラッカー　原色　０．９ｋｇ,https://www.rockpaint.co.jp/car/data/tds/rock_lacquer_tds.pdf
【ＥＮ】０３５ライン　　ロックラッカー　原色　３．６ｋｇ,https://www.rockpaint.co.jp/car/data/tds/rock_lacquer_tds.pdf
【ＥＮ】０３５ライン　　ロックラッカー　原色　１６ｋｇ,https://www.rockpaint.co.jp/car/data/tds/rock_lacquer_tds.pdf
【ＥＮ】０３５−００９５　ロックラッカー　　　フラットベース,https://www.rockpaint.co.jp/car/data/tds/rock_lacquer_tds.pdf
【ＥＮ】０５７−００１５　ロックポリパテ　　硬化剤　エロー,https://www.rockpaint.co.jp/car/data/tds/poliputty_tds.pdf
【ＥＮ】０５７−００２９　ポリパテ　　　　　うすめ液,
【ＥＮ】０５７−００３３　軽量鈑金パテ　　硬化剤　緑,https://www.rockpaint.co.jp/car/data/tds/bankinputty_tds.pdf
【ＥＮ】０５７ライン　　ロックポリパテ　　細目仕上げ用,https://www.rockpaint.co.jp/car/data/tds/poliputty_tds.pdf
【ＥＮ】０５７ライン　　ロックポリパテ　　中目,https://www.rockpaint.co.jp/car/data/tds/poliputty_tds.pdf
【ＥＮ】０５７ライン　　ロックポリパテ　　細目,https://www.rockpaint.co.jp/car/data/tds/poliputty_tds.pdf
【ＥＮ】０５７−０９７０　バンパーパテ,https://www.rockpaint.co.jp/car/data/tds/bumperputty_tds.pdf
【ＥＮ】０５７ライン　　ロック軽量鈑金　中目,https://www.rockpaint.co.jp/car/data/tds/bankinputty_tds.pdf
【ＥＮ】０５７ライン　　ロックＥＺパテ　　中目,
【ＥＮ】０５７ライン　  　ロックＥＺパテ　　細目,
【ＥＮ】０５７−０５９０　ロックＥＺパテ　細目仕上用,
【ＥＮ】０５７ライン　ロックパテ ビルドアップ　夏型,https://www.rockpaint.co.jp/car/data/catalog/build_up.pdf
【ＥＮ】０５８ライン　ロックパテ ビルドアップ　冬型,https://www.rockpaint.co.jp/car/data/catalog/build_up.pdf
【ＥＮ】２０２−０１１０　プラサフマルチ  硬化剤,https://www.rockpaint.co.jp/car/data/tds/rock_miracle_suf_tds.pdf
【ＥＮ】２０２−１９１０　ロック　ミラクルプラサフＨＢ,https://www.rockpaint.co.jp/car/data/tds/rock_miracle_suf_tds.pdf
【ＥＮ】０６２ライン　エアーロック　シャーシブラック,https://www.rockpaint.co.jp/car/data/tds/062-0099_7299_tds.pdf
【ＥＮ】０６２ライン　２液ウレタンスプレー,
【ＥＮ】０７５−０２９９　シャーシーブラックＷ,https://www.rockpaint.co.jp/car/data/tds/075-0299_tds.pdf
【ＥＮ】Ｈ６２ライン　耐熱スプレー　ツヤ消し,https://www.rockpaint.co.jp/diy/data/catalog/H62_OSPS01.pdf
【ＥＮ】Ｈ６２ライン　　スプレーラッカー　ダ円,https://www.rockpaint.co.jp/diy/data/catalog/H62_LS01.pdf
【ＥＮ】マイティラック（１０：１）ハードナー,https://www.nipponpaint.co.jp/biz1/nax/p40.pdf
【ＥＮ】マイティラック（１０：１）　１６ｋｇ,https://nipponpaint-industrial.com/sys/wp-content/uploads/catalog04.pdf
【ＥＮ】マイティラック（１０：１）　３．６ｋｇ,https://nipponpaint-industrial.com/sys/wp-content/uploads/catalog04.pdf
【ＥＮ】マイティラック（１０：１）　シンナー,https://www.nipponpaint.co.jp/biz1/nax/p40.pdf
【ＥＮ】ＮＡＸ　マルチ（１０：１）　２４０　２コートクリヤー,https://www.nipponpaint.co.jp/biz1/nax/p69.pdf
【ＥＮ】ＮＡＸ　マルチエコ（３：１）ＧＬクリヤー,https://www.nipponpaint.co.jp/biz1/nax/ctlg/nax_gl.pdf
【ＥＮ】ＮＡＸ　マルチ　（８：１）　８０ネオアルバクリヤー,https://www.nipponpaint.co.jp/biz1/nax/ctlg/nax_na.pdf
【ＥＮ】ＮＡＸ　マルチ　（８：１）　８０ネオアルバクリヤー,https://www.nipponpaint.co.jp/biz1/nax/ctlg/nax_na.pdf
【ＥＮ】ＮＡＸ　サッシュコート　ＮＥＯ　ブラック　スプレー,https://www.nipponpaint.co.jp/biz1/nax/p109.pdf
【ＥＮ】ＮＡＸ　パテ　チヂマンエコ　８０（厚付）,https://www.nipponpaint.co.jp/biz1/nax/ctlg/nax_tidimaneco2.pdf
【ＥＮ】ＮＡＸ　パテ　チヂマンエコ　１２０（中間）,https://www.nipponpaint.co.jp/biz1/nax/ctlg/nax_tidimaneco2.pdf
【ＥＮ】ＮＡＸ　パテ　チヂマンエコ　１８０（細地）,https://www.nipponpaint.co.jp/biz1/nax/ctlg/nax_tidimaneco2.pdf
【ＥＮ】ＮＡＸ　パテ　チヂマン　カーボン６０,https://www.nipponpaint.co.jp/biz1/nax/ctlg/nax_tidiman.pdf
【ＥＮ】ＮＡＸ　パテ　チヂマン　８０,https://www.nipponpaint.co.jp/biz1/nax/ctlg/nax_tidiman.pdf
【ＥＮ】ＮＡＸ　パテ　チヂマン　１２０,https://www.nipponpaint.co.jp/biz1/nax/ctlg/nax_tidiman.pdf
【ＥＮ】ＮＡＸ　パテ　チヂマン　１８０,https://www.nipponpaint.co.jp/biz1/nax/ctlg/nax_tidiman.pdf
【ＥＮ】ＮＡＸ　ピタプライマー,https://www.nipponpaint.co.jp/biz1/nax/p101.pdf
【ＥＮ】ＮＡＸ　マルチ（１０：１）　ハードナー,https://www.nipponpaint.co.jp/biz1/nax/p73.pdf
【ＥＮ】Ｎ　アクリル　オートクリヤー　スーパー,https://www.nipponpaint.co.jp/biz1/nax/p47.pdf
【ＥＮ】Ｎ　アクリル　架装用　シルバー,https://www.nipponpaint.co.jp/biz1/nax/p47.pdf
【ＥＮ】Ｎ　アクリル　４８０　スーパーブラック,https://www.nipponpaint.co.jp/biz1/nax/p47.pdf
【ＥＮ】Ｎ　アクリル　３００　ホワイト,https://www.nipponpaint.co.jp/biz1/nax/p47.pdf
【ＥＮ】ＮＡＸ　マルチ　ウレタンシンナー,https://www.nipponpaint.co.jp/biz1/nax/p74.pdf
【ＥＮ】Ｎ　アクリル　５００　スタンダードシンナー,https://www.nipponpaint.co.jp/biz1/nax/p47.pdf
【ＥＮ】Ｎ　アクリル　５９０　リターダー,https://www.nipponpaint.co.jp/biz1/nax/p47.pdf
【ＥＮ】ＮＡＸ　ウレタンプラサフ　メガＶ１,https://www.nipponpaint.co.jp/biz1/nax/ctlg/nax_mega_v1.pdf
【ＥＮ】ＮＡＸ　ウレタンプラサフ　プロＶ１　グレー,https://www.nipponpaint.co.jp/biz1/nax/ctlg/nax_pro_v1.pdf
【ＥＮ】ＮＡＸ　ウレタンプラサフ　プロＶ１　ハードナー,https://www.nipponpaint.co.jp/biz1/nax/ctlg/nax_pro_v1.pdf
【ＥＮ】ＮＡＸ　スペリオ　Ｒエポカホワイト,https://www.nipponpaint.co.jp/biz1/nax/p38.pdf
【ＥＮ】ＮＡＸ　パテ　スポットレッド,https://www.nipponpaint.co.jp/biz1/nax/p86.pdf
【ＥＮ】ＮＡＸ　プラサフ　ＥＸ　アルファ,https://www.nipponpaint.co.jp/biz1/nax/p99.pdf
【ＥＮ】ＮＡＸ　マルチ　フラットベース　スーパー,https://www.nipponpaint.co.jp/biz1/nax/p117.pdf
【ＥＮ】スーパータックＰソフト　ＰＡＳ−Ｍ　１２５ｍｍ　Ｐ−０,https://www.kovax.com/dcms_media/other/supertack_psoft_hard_gsoft.pdf
【ＥＮ】スーパータックＰソフト　ＰＡＳ−Ｍ　　１２５ｍｍ　Ｐ−１,https://www.kovax.com/dcms_media/other/supertack_psoft_hard_gsoft.pdf
【ＥＮ】スーパータックＰソフト　ＰＡＳ−Ｍ　　１２５ｍｍ　Ｐ−３,https://www.kovax.com/dcms_media/other/supertack_psoft_hard_gsoft.pdf
【ＥＮ】トレカット　　シート　７０×１１４,https://www.kovax.com/dcms_media/other/tolecut.pdf
【ＥＮ】トレカット　　８面ブロック　７０×１１４,https://www.kovax.com/dcms_media/other/tolecut.pdf
【ＥＮ】トレカット　　４面ブロック　７０×１１４,https://www.kovax.com/dcms_media/other/tolecut.pdf
【ＥＮ】トレカット　　８面ブロック　３５×２８．５,https://www.kovax.com/dcms_media/other/tolecut.pdf
【ＥＮ】トレカット　　８面ブロック　７０×２８．５,https://www.kovax.com/dcms_media/other/tolecut.pdf
【ＥＮ】トレックス　　シート　（ピンク）　７０×１１４,https://www.kovax.com/dcms_media/other/tolecut.pdf
【ＥＮ】トレックス　　ディスク（ピンク）　１５０ｍｍ,https://www.kovax.com/dcms_media/other/tolecut.pdf
【ＥＮ】スーパーアシレックス　　シート　１７０×１３０,https://www.kovax.com/dcms_media/other/spasibuf3.pdf
【ＥＮ】スーパーアシレックス　　シート　　７５×１３０　Ｐ−０,https://www.kovax.com/dcms_media/other/spasibuf3.pdf
【ＥＮ】スーパーアシレックス　　レッド　Ｋ−１２０　　シート　７５×１１０　Ｐ−１,https://www.kovax.com/dcms_media/other/spasibuf3.pdf
【ＥＮ】スーパーアシレックス　ディスク　１２５ｍｍ　Ｐ−０,https://www.kovax.com/dcms_media/other/spasibuf5.pdf
【ＥＮ】スーパーアシレックス　ディスク　１２５ｍｍ　Ｐ−９,https://www.kovax.com/dcms_media/other/spasibuf6.pdf
【ＥＮ】スーパーアシレックス　　ディスク　１２５φ　Ｐ−０,https://www.kovax.com/dcms_media/other/spasibuf7.pdf
【ＥＮ】スーパーアシレックス　　ディスク　１２５φ　Ｐ−９,https://www.kovax.com/dcms_media/other/spasibuf8.pdf
【ＥＮ】スーパーバフレックス　　シート　１７０×１３０,https://www.kovax.com/dcms_media/other/spasibuf3.pdf
【ＥＮ】スーパーバフレックス　　ディスク　１２５ｍｍ,https://www.kovax.com/dcms_media/other/spasibuf4.pdf
【ＥＮ】スーパーバフレックス　　ディスク　７５φ　Ｐ−０,https://www.kovax.com/dcms_media/other/spasibuf5.pdf
【ＥＮ】スーパーバフレックスパット　　ＭＷドライ　７３ｍｍ,https://www.kovax.com/dcms_media/other/spasibuf2.pdf
【ＥＮ】スーパーバフレックスパット　　ＭＷ−Ｈ　７３ｍｍ,https://www.kovax.com/dcms_media/other/spasibuf3.pdf
【ＥＮ】スーパーアシレパット　　　　　　ＭＷ　７３ｍｍ,https://www.kovax.com/dcms_media/other/spasibuf5.pdf
【ＥＮ】スーパーアシレパッド　Ｍ,https://www.kovax.com/dcms_media/other/spasibuf6.pdf
【ＥＮ】スーパーアシレパッド　Ｌ,https://www.kovax.com/dcms_media/other/spasibuf7.pdf
【ＥＮ】アシレックス　ピーチ　Ｋ−１５００　８５×１３０,https://www.kovax.com/dcms_media/other/peach.pdf
【ＥＮ】アシレックス　レモン　　Ｋ−８００　８５×１３０,https://www.kovax.com/dcms_media/other/lemon.pdf
【ＥＮ】バフレックス　グリーン　　シート　７０×１１４,https://www.kovax.com/products/subcategory02/item_56
【ＥＮ】バフレックスグリーン　　ディスク　１５０ｍｍ,https://www.kovax.com/products/subcategory02/item_56
【ＥＮ】３Ｍ　�ｂX７０８　ハイタック両面テープ　　０．８ｍｍ厚,https://multimedia.3m.com/mws/media/989004O/aad-257.pdf
【ＥＮ】３Ｍ　�ｂX７１２　ハイタック両面テープ　　１．２ｍｍ厚,https://multimedia.3m.com/mws/media/989004O/aad-257.pdf
【ＥＮ】３Ｍ　�ｂX７１６　ハイタック両面テープ　　１．６ｍｍ厚,https://multimedia.3m.com/mws/media/989004O/aad-257.pdf
【ＥＮ】３Ｍ　�ｂX７２０　ハイタック両面テープ　　２．０ｍｍ厚,https://multimedia.3m.com/mws/media/989004O/aad-257.pdf
【ＥＮ】３Ｍ　�ｂV４４７　スコッチブライト　ハンドパット,https://multimedia.3m.com/mws/media/1803713O/scb-010-3m-abrasive-grindline-mihiraki-pdf.pdf
【ＥＮ】３Ｍ　�ｂX６７８　ソフトテープ,http://www.3mwebcatalog.jp/catalog/g/g9678/
【ＥＮ】３Ｍ　フッキットブルーサンディングロール７５ｍｍＸ１５ｍ,https://multimedia.3m.com/mws/media/1338465O/aad-307.pdf
【ＥＮ】スプレーライト　ＣＪライト　　大,
【ＥＮ】ソーラー　１０００　ハイフレックスポリパテ,https://www.kobe-solar.co.jp/products/products-855/
【ＥＮ】山一　ＳＤＸ−６００通電処理剤　静電気防止剤,
【ＥＮ】マスカッター,
【ＥＮ】キャノンコロナシート　＃００１Ｘ５４５０Ｘ１００,
【ＥＮ】耐水ペーパー　ＳＣ１００１,https://www.kovax.com/dcms_media/other/taisuisheet.pdf
【ＥＮ】ペンキ屋さんセット�U,
【ＥＮ】ブルドック　ガンクリーニングセット　ＢＧＣ−１３,
【ＥＮ】マルテー　ペイントスケール　ＳＬ−２０Ｋ,
【ＥＮ】ＮＡＸ　マルチ　（８：１）　８０ネオアルバクリヤー,https://www.nipponpaint.co.jp/biz1/nax/ctlg/nax_na.pdf
【ＥＮ】スーパー　６０Ｌ　Ｃ　セット,http://www.seiwa.com/paint/sp60l.html
【ＥＮ】マイティラック（１０：１）,https://nipponpaint-industrial.com/sys/wp-content/uploads/catalog04.pdf
【ＥＮ】ニッペ　マイティラック（１０：１）　　ソリッド,https://nipponpaint-industrial.com/sys/wp-content/uploads/catalog04.pdf
【ＥＮ】ニッペ　マイティラック（１０：１）　　メタリック,https://nipponpaint-industrial.com/sys/wp-content/uploads/catalog04.pdf
【ＥＮ】ニッペ　マイティラック（１０：１）　ソリッド,https://nipponpaint-industrial.com/sys/wp-content/uploads/catalog04.pdf
【ＥＮ】ユタカ　無地タンカルマスカー　１８００×３５ｍ　１０本入,http://yutakamazai.co.jp/products/protection02.html
【ＥＮ】ユタカ　２Ｋシャット　１５０ＡＡ　ハンド　１５０ｍｍ×２５ｍ,http://yutakamazai.co.jp/products/protection01.html
【ＥＮ】３Ｍ　キュービトロン�Uセラミックベルト　１２Ｘ３３０　５７１２　＃６０,https://multimedia.3m.com/mws/media/990148O/aad-288.pdf
【ＥＮ】３Ｍ　キュービトロン�Uセラミックベルト　２０Ｘ５２０　５７２０　＃６０,https://multimedia.3m.com/mws/media/990148O/aad-288.pdf
【ＥＮ】ＮＡＸ　防塵服ネオ,
【ＥＮ】３Ｍ　ハード・１−Ｌ　極細目　＃５９８２,http://www.3mwebcatalog.jp/catalog/g/g5981/
【ＥＮ】３Ｍ　ハード・２−Ｌ　超微粒子　＃５９８５,http://www.3mwebcatalog.jp/catalog/g/g5973/
【ＥＮ】３Ｍ　カット・１−Ｌ　細目　＃５９６７,http://www.3mwebcatalog.jp/catalog/g/g5967/
【ＥＮ】３Ｍ　コンパウンドエフ・１　　細目＃５９７０,http://www.3mwebcatalog.jp/catalog/g/g5970/
【ＥＮ】３Ｍ　コンパウンド　ＤＣ−１Ｌ　５９３６Ｒ,https://multimedia.3m.com/mws/media/1424571O/brochure-for-3m-compound-dc-1l-5936r-aad-245-a.pdf
【ＥＮ】３Ｍ　コンパウンド　ＱＴ−１ＬＮ　５９７５Ｒ,https://multimedia.3m.com/mws/media/989011O/aad-283.pdf
【ＥＮ】３Ｍ　コンパウンドＱＴ−２Ｌ　　５９９７,https://multimedia.3m.com/mws/media/989011O/aad-283.pdf
【ＥＮ】３Ｍ　�ｂT９７８　ウルトラカット・２−Ｌ,https://www.3mcompany.jp/3M/ja_JP/company-jp/all-3m-products/~/3M-%E3%82%B3%E3%83%B3%E3%83%91%E3%82%A6%E3%83%B3%E3%83%89-%E3%82%A6%E3%83%AB%E3%83%88%E3%83%A9%E3%82%AB%E3%83%83%E3%83%88-2-L-5978-750-ml-12-%E6%9C%AC-%E7%AE%B1/?N=5002385+8711017+3293020832&rt=rud
【ＥＮ】３Ｍ　ウルトラフィーナ　グロスアップコンパウンド５９５９,https://multimedia.3m.com/mws/media/989008O/aad-273.pdf
【ＥＮ】３Ｍ　＃５９４９ウルトラフィーナコンパウンドプレミアム,https://multimedia.3m.com/mws/media/988992O/aad-242-e.pdf
【ＥＮ】３Ｍ　ウルトラフィーナコンパウンドＨＧＮ　５９６９Ｒ,https://multimedia.3m.com/mws/media/988992O/aad-242-e.pdf
【ＥＮ】３Ｍ　ウルトラフィニッシュ　＃５９８９,https://www.3mcompany.jp/3M/ja_JP/company-jp/all-3m-products/~/3M-%E3%82%A6%E3%83%AB%E3%83%88%E3%83%A9%E3%83%95%E3%82%A3%E3%83%8B%E3%83%83%E3%82%B7%E3%83%A5-5989-355-ml-6-%E6%9C%AC-%E7%AE%B1/?N=5002385+8711017+3293020801&rt=rud